,,request_throughput_req_s,request_throughput_req_s,output_throughput_tok_s,output_throughput_tok_s,total_token_throughput_tok_s,total_token_throughput_tok_s,completed,completed,failed,failed,mean_ttft_ms,mean_ttft_ms,p50_ttft_ms,p50_ttft_ms,p95_ttft_ms,p95_ttft_ms,p99_ttft_ms,p99_ttft_ms,mean_tpot_ms,mean_tpot_ms,p50_tpot_ms,p50_tpot_ms,p95_tpot_ms,p95_tpot_ms,p99_tpot_ms,p99_tpot_ms,mean_itl_ms,mean_itl_ms,p50_itl_ms,p50_itl_ms,p95_itl_ms,p95_itl_ms,p99_itl_ms,p99_itl_ms,mean_e2el_ms,mean_e2el_ms,p50_e2el_ms,p50_e2el_ms,p95_e2el_ms,p95_e2el_ms,p99_e2el_ms,p99_e2el_ms,error_rate,error_rate,gpu_0_peak_vram_mb,gpu_0_peak_vram_mb,gpu_1_peak_vram_mb,gpu_1_peak_vram_mb,wall_time_s,wall_time_s,estimated_gpu_cost_usd,estimated_gpu_cost_usd
,,mean,std,mean,std,mean,std,mean,std,mean,std,mean,std,mean,std,mean,std,mean,std,mean,std,mean,std,mean,std,mean,std,mean,std,mean,std,mean,std,mean,std,mean,std,mean,std,mean,std,mean,std,mean,std,mean,std,mean,std,mean,std,mean,std
quantization,concurrency,,,,,,,,,,,,,,,,,,,,,,,,,,,,,,,,,,,,,,,,,,,,,,,,,,,,
fp16,1,0.08606127046001175,,22.031685237763007,,68.59083255662937,,100.0,,0.0,,240.61960289997842,,242.39501399983965,,247.3165686996481,,248.05417337023982,,44.6229108181569,,44.87898222156825,,45.35995754333289,,45.51317910988286,,44.448602572773474,,45.0101370001903,,46.96809115027918,,47.65087099990524,,11619.461861529988,,11686.830133499825,,11813.99681740022,,11847.809476790333,,0.0,,13975.2,,448.3,,1272.697,,0.12373443338606092,
fp16,4,0.46862206963547,,119.96724982668032,,373.4917894994696,,100.0,,0.0,,94.81182798000191,,97.48096499993153,,100.099352400116,,108.67547544988611,,33.09875948933333,,33.09901901568671,,33.559887200196464,,33.88711092250981,,32.96946746007812,,33.16057749975698,,34.27423729986003,,34.74375407995012,,8534.995497760001,,8531.485398499854,,8656.554231800395,,8749.66551241996,,0.0,,13975.2,,448.3,,258.156,,0.025098484506209693,
fp16,8,0.818323935005796,,209.49092736148378,,652.2041761996195,,100.0,,0.0,,131.36336044998643,,130.78296899993802,,155.1102988500361,,158.41701901004853,,36.48406623356857,,36.58415556470644,,37.20761840352795,,37.21202414246995,,36.341550349843686,,36.575275500126736,,37.93933764995927,,38.62516111025343,,9434.800250009972,,9460.250130000077,,9608.260750999989,,9609.317077930224,,0.0,,13975.2,,448.3,,160.628,,0.015616576992803149,
fp16,16,1.299895236894519,,332.77318064499684,,1036.0165038049315,,100.0,,0.0,,195.0276024599816,,200.72572050003146,,242.97661834998507,,244.57802829002503,,43.544261123764755,,43.952443192157425,,44.70202183196182,,44.704929895961634,,43.37416635375005,,43.854130499994426,,46.23301450008057,,47.47982390024845,,11298.814189019995,,11387.943775499934,,11621.335354999996,,11623.165072909815,,0.0,,13975.2,,448.3,,107.149,,0.010417268958356644,
fp16,32,1.7495582316870981,,447.8869073118971,,1394.3979106546174,,100.0,,0.0,,265.7986296599938,,250.59527250004976,,370.0938236499951,,410.6071165999174,,61.431169426666685,,62.65756358627508,,63.306836815293494,,63.45398725811718,,61.191203921093766,,62.32505050002146,,66.47518250001667,,68.20283992022263,,15930.746833459998,,16276.13975200029,,16416.983027600167,,16419.249448159964,,0.0,,13975.2,,448.3,,86.721,,0.008431170221832063,
int4,1,0.27939973078181213,,71.5263310801439,,222.6815854331043,,100.0,,0.0,,231.02717023995865,,232.8190994999204,,235.66085059960642,,237.28175239990378,,13.129114474627654,,13.128876590197999,,13.198414180784203,,13.221816488863125,,13.077828871211139,,13.127448999966873,,13.619008249816034,,13.866412319512165,,3578.9513612700102,,3581.218995499512,,3596.0431867507396,,3602.5712819095043,,0.0,,13543.2,,448.3,,412.334,,0.040088016384177735,
int4,4,1.021828926550141,,261.5882051968361,,814.3976544604624,,100.0,,0.0,,66.21009504004178,,66.27437299994199,,73.63969934981469,,74.41419468033021,,15.089697145921548,,15.047212541177194,,15.488313475686356,,15.506943936822733,,15.030753016445288,,15.055635999942751,,15.965759049777262,,16.395976939338652,,3914.0828672500356,,3903.353881500152,,4017.246101849878,,4019.1038689496327,,0.0,,13543.2,,448.3,,128.971,,0.012538804752959144,
int4,8,1.6521123376501121,,422.9407584384287,,1316.7335331071395,,100.0,,0.0,,85.52153559994622,,82.72891299975527,,117.41798380021463,,119.811515389747,,18.049795742078402,,18.098364699999724,,18.64055403705963,,18.646876830705096,,17.97928872746091,,18.132418999812216,,19.391687450479367,,19.995885759753943,,4688.21944982994,,4716.239650999796,,4839.560967600391,,4840.323373680058,,0.0,,13543.2,,448.3,,88.119,,0.008567131393485599,
int4,16,2.2802268456962382,,583.738072498237,,1817.3407960199017,,100.0,,0.0,,139.96814179000467,,134.72121049971975,,194.75443529991026,,201.30532173053325,,25.126401533764675,,25.677313682352214,,26.114181965295383,,26.22734617196126,,25.028251527773406,,25.36791800002902,,27.5181184496887,,28.66090531034387,,6547.200532899997,,6680.223123500127,,6780.4086090495275,,6791.4223128299,,0.0,,13543.2,,448.3,,68.696,,0.0066787538429101305,
int4,32,2.776394346593823,,710.7569527280186,,2212.7862942352767,,100.0,,0.0,,233.52208860002065,,238.83597599979112,,328.13147874958304,,328.8816283399685,,39.92852475258823,,41.08465410392062,,42.087787073332414,,42.12262911341428,,39.77255395277343,,40.57181999951354,,44.92519849982273,,46.66435394026848,,10415.295900510018,,10688.484297500054,,10926.825135749414,,10928.408138149452,,0.0,,13543.2,,448.3,,61.081,,0.005938468161556455,
int8,1,0.21206353844540984,,54.28826584202492,,169.01464014099165,,100.0,,0.0,,257.71576501000254,,259.9772590001521,,263.94198934958695,,264.77468775012767,,17.48118280454893,,17.480913821568453,,17.56393349313554,,17.641117843372225,,17.412896934218658,,17.45913400009158,,18.152733850160985,,18.45701935997567,,4715.417380169979,,4718.185851499584,,4740.330537750219,,4761.765811739706,,0.0,,13543.2,,448.3,,538.705,,0.05237414158052868,
int8,4,0.781815877544245,,200.1448646513267,,623.1072544027633,,100.0,,0.0,,71.33119952000015,,71.1741514996902,,76.5242051496898,,79.3771904894129,,19.78219312776509,,19.74809236274571,,20.134424364510494,,20.2315234818042,,19.70491893585976,,19.751828500375268,,20.6082602495826,,21.04123509032433,,5115.790447100098,,5108.121634500094,,5205.437804050416,,5232.723441869948,,0.0,,13543.2,,448.3,,162.218,,0.015771228187614016,
int8,8,1.3094177938402594,,335.2109552231064,,1043.6059816906868,,100.0,,0.0,,96.57014863007134,,94.89430849998826,,126.12824064954111,,130.35029220022807,,22.784404201215494,,22.774978301959877,,23.399744194707193,,23.421819914938848,,22.6954026223045,,22.82488349965206,,24.168312700021488,,24.729050500300218,,5906.593219940023,,5923.462523500348,,6066.701915750309,,6067.645842970105,,0.0,,13543.2,,448.3,,107.148,,0.010417132314708496,
int8,16,1.9224768907179621,,492.1540840237983,,1532.2140819022159,,100.0,,0.0,,158.15864568000507,,157.8350485001465,,215.76722930021788,,220.06275524038756,,29.635785345450987,,30.029280845097034,,30.56384856313896,,30.691211717885487,,29.52002055894532,,29.80961350021971,,32.521894550154684,,34.66330446000938,,7715.283908770007,,7793.629074000364,,7958.648383850505,,7960.777849189835,,0.0,,13543.2,,448.3,,78.709,,0.0076522958642906615,
int8,32,2.4745629695540514,,633.4881202058372,,1972.2266867345788,,100.0,,0.0,,253.87745030998303,,245.53969599992342,,354.8539811001774,,398.3820637297049,,44.05221947670583,,44.917556786273124,,46.28653025882123,,46.389565297961084,,43.88014049437494,,44.648606500231836,,48.9082010999482,,50.81001300006392,,11487.193416869968,,11780.826765999791,,11981.055311849514,,12005.71769451998,,0.0,,13543.2,,448.3,,66.893,,0.006503523836533228,
